experiment_id,published_at,content_format,visual_world,theme,copy_variant,caption_variant,audio_id,audio_start_sec,audio_segment,views,likes,comments,shares,follows,completion_rate,avg_watch_seconds,post_url,notes,recorded_at,measurement_window,source
20260922T230143Z-5dad96,2026-09-23T01:00:00+00:00,,,mixed_dark,discipline,aspiration,montagem_mysterious_game_slowed,55.5,montagem_mysterious_game_slowed@55.5,,0,0,,0,,,,Automatic Zoop 7d snapshot,2026-10-01T22:47:53.948877+00:00,7d,https://infdash-api.influencerindex.com/production/me/posts?limit=20&page=2&freeAccess=true&showProducts=true&fullScreen=false
20260923T114515Z-2f59bf,2026-09-23T14:00:00+00:00,,,dark_life,pov_relationship,aspiration,luz_roja_slowed,25.0,luz_roja_slowed@25.0,,0,0,,0,,,,Automatic Zoop 7d snapshot,2026-10-01T22:47:53.948877+00:00,7d,https://infdash-api.influencerindex.com/production/me/posts?limit=20&page=2&freeAccess=true&showProducts=true&fullScreen=false
20260923T151503Z-9d8f38,2026-09-23T17:00:00+00:00,,,dark_life,minimal,aspiration,gozalo_super_slowed,0.0,gozalo_super_slowed@0.0,,0,0,,0,,,,Automatic Zoop 7d snapshot,2026-10-01T22:47:53.948877+00:00,7d,https://infdash-api.influencerindex.com/production/me/posts?limit=20&page=2&freeAccess=true&showProducts=true&fullScreen=false
20260923T193848Z-288979,2026-09-23T21:30:00+00:00,,,dark_cars,standards,aspiration,montagem_coral_slowed,96.0,montagem_coral_slowed@96.0,,0,0,,0,,,,Automatic Zoop 7d snapshot,2026-10-01T22:47:53.948877+00:00,7d,https://infdash-api.influencerindex.com/production/me/posts?limit=20&page=2&freeAccess=true&showProducts=true&fullScreen=false
20260924T130605Z-c16a8d,2026-09-24T13:30:00+00:00,,,money,legacy,minimal,montagem_tomada_slowed,4.0,montagem_tomada_slowed@4.0,,0,0,,0,,,,Automatic Zoop 7d snapshot,2026-10-01T22:47:53.948877+00:00,7d,https://infdash-api.influencerindex.com/production/me/posts?limit=20&page=2&freeAccess=true&showProducts=true&fullScreen=false
20260924T153436Z-6fe10b,2026-09-24T17:30:00+00:00,,,dark_cars,identity_shift,minimal,te_conoci_super_slowed,8.0,te_conoci_super_slowed@8.0,,0,0,,0,,,,Automatic Zoop 7d snapshot,2026-10-01T22:47:53.948877+00:00,7d,https://infdash-api.influencerindex.com/production/me/posts?limit=20&page=2&freeAccess=true&showProducts=true&fullScreen=false
20260924T195813Z-19ee12,2026-09-24T21:30:00+00:00,,,money,standards,choice,montagem_coral_slowed,70.5,montagem_coral_slowed@70.5,,0,0,,0,,,,Automatic Zoop 7d snapshot,2026-10-01T22:47:53.948877+00:00,7d,https://infdash-api.influencerindex.com/production/me/posts?limit=20&page=1&freeAccess=true&showProducts=true&fullScreen=false
20260928T140345Z-bcaded,2026-09-28T16:00:00+00:00,,,mixed_dark,pov_relationship,minimal,funk_estranho_super_slowed,98.5,funk_estranho_super_slowed@98.5,,0,0,,0,,,,Automatic Zoop 72h snapshot,2026-10-01T22:47:53.948877+00:00,72h,https://infdash-api.influencerindex.com/production/me/posts?limit=20&page=1&freeAccess=true&showProducts=true&fullScreen=false
20260928T181926Z-348d6f,2026-09-28T20:30:00+00:00,,,mixed_dark,future_self,aspiration,funk_estranho_super_slowed,53.5,funk_estranho_super_slowed@53.5,,0,0,,0,,,,Automatic Zoop 72h snapshot,2026-10-01T22:47:53.948877+00:00,72h,https://infdash-api.influencerindex.com/production/me/posts?limit=20&page=1&freeAccess=true&showProducts=true&fullScreen=false
20260930T163338Z-aa8e5f,2026-09-30T18:30:00+00:00,,,dark_life,discipline,minimal,montagem_mysterious_game_slowed,3.5,montagem_mysterious_game_slowed@3.5,,0,0,,0,,,,Automatic Zoop 24h snapshot,2026-10-01T22:47:53.948877+00:00,24h,https://infdash-api.influencerindex.com/production/me/posts?limit=20&page=1&freeAccess=true&showProducts=true&fullScreen=false
20260930T204518Z-50532a,2026-09-30T22:30:00+00:00,,,mixed_dark,obsession,choice,funk_estranho_super_slowed,53.5,funk_estranho_super_slowed@53.5,,0,0,,0,,,,Automatic Zoop 24h snapshot,2026-10-01T22:47:53.948877+00:00,24h,https://infdash-api.influencerindex.com/production/me/posts?limit=20&page=1&freeAccess=true&showProducts=true&fullScreen=false
20260928T231316Z-8428de,2026-09-29T00:00:00+00:00,,,dark_cars,silent_revenge,choice,luna_bala_slowed,0.0,luna_bala_slowed@0.0,,0,0,,0,,,,Automatic Zoop 72h snapshot,2026-10-02T05:54:25.384549+00:00,72h,https://infdash-api.influencerindex.com/production/me/posts?limit=20&page=1&freeAccess=true&showProducts=true&fullScreen=false
20260929T002634Z-1dea28,2026-09-29T02:00:00+00:00,,,dark_cars,legacy,choice,montagem_coma_slowed,4.0,montagem_coma_slowed@4.0,,0,0,,0,,,,Automatic Zoop 72h snapshot,2026-10-02T05:54:25.384549+00:00,72h,https://infdash-api.influencerindex.com/production/me/posts?limit=20&page=1&freeAccess=true&showProducts=true&fullScreen=false
20260930T124159Z-b50d84,2026-09-30T14:00:00+00:00,,,mixed_dark,minimal,aspiration,te_conoci_super_slowed,20.0,te_conoci_super_slowed@20.0,,0,0,,0,,,,Automatic Zoop 24h snapshot,2026-10-02T05:54:25.384549+00:00,24h,https://infdash-api.influencerindex.com/production/me/posts?limit=20&page=1&freeAccess=true&showProducts=true&fullScreen=false
20260930T235604Z-97022f,2026-10-01T02:00:00+00:00,,,money,discipline,aspiration,montagem_vozes_profundas_slowed,18.0,montagem_vozes_profundas_slowed@18.0,,0,0,,0,,,,Automatic Zoop 24h snapshot,2026-10-02T05:54:25.384549+00:00,24h,https://infdash-api.influencerindex.com/production/me/posts?limit=20&page=1&freeAccess=true&showProducts=true&fullScreen=false
20260924T231642Z-c86793,2026-09-25T01:00:00+00:00,,,money,legacy,choice,montagem_ritmada_slowed,43.0,montagem_ritmada_slowed@43.0,,0,0,,0,,,,Automatic Zoop 7d snapshot,2026-10-02T22:22:47.661210+00:00,7d,https://infdash-api.influencerindex.com/production/me/posts?limit=20&page=2&freeAccess=true&showProducts=true&fullScreen=false
20260925T115711Z-8de919,2026-09-25T13:30:00+00:00,,,dark_cars,identity_shift,choice,funk_estranho_super_slowed,8.0,funk_estranho_super_slowed@8.0,,0,0,,0,,,,Automatic Zoop 7d snapshot,2026-10-02T22:22:47.661210+00:00,7d,https://infdash-api.influencerindex.com/production/me/posts?limit=20&page=2&freeAccess=true&showProducts=true&fullScreen=false
20260925T170118Z-eb8816,2026-09-25T17:30:00+00:00,,,dark_cars,standards,minimal,montagem_mysterious_game_slowed,36.5,montagem_mysterious_game_slowed@36.5,,0,0,,0,,,,Automatic Zoop 7d snapshot,2026-10-02T22:22:47.661210+00:00,7d,https://infdash-api.influencerindex.com/production/me/posts?limit=20&page=1&freeAccess=true&showProducts=true&fullScreen=false
20260925T200011Z-979a77,2026-09-25T21:30:00+00:00,,,mixed_dark,silent_revenge,aspiration,funk_estranho_super_slowed,53.5,funk_estranho_super_slowed@53.5,,0,0,,0,,,,Automatic Zoop 7d snapshot,2026-10-02T22:22:47.661210+00:00,7d,https://infdash-api.influencerindex.com/production/me/posts?limit=20&page=2&freeAccess=true&showProducts=true&fullScreen=false
20260929T130009Z-f88858,2026-09-29T15:00:00+00:00,,,money,future_self,minimal,te_conoci_super_slowed,35.0,te_conoci_super_slowed@35.0,,0,0,,0,,,,Automatic Zoop 72h snapshot,2026-10-02T22:22:47.661210+00:00,72h,https://infdash-api.influencerindex.com/production/me/posts?limit=20&page=1&freeAccess=true&showProducts=true&fullScreen=false
20260929T164317Z-cc1bc8,2026-09-29T18:30:00+00:00,,,dark_cars,identity_shift,choice,funk_estranho_super_slowed,111.0,funk_estranho_super_slowed@111.0,,0,0,,0,,,,Automatic Zoop 72h snapshot,2026-10-02T22:22:47.661210+00:00,72h,https://infdash-api.influencerindex.com/production/me/posts?limit=20&page=1&freeAccess=true&showProducts=true&fullScreen=false
20261001T171243Z-35d9a5,2026-10-01T18:00:00+00:00,contrast_story,human_twilight,human_twilight,contrast,minimal,montagem_coma_slowed,32.0,montagem_coma_slowed@32.0,,0,0,,0,,,,Automatic Zoop 24h snapshot,2026-10-02T22:22:47.661210+00:00,24h,https://infdash-api.influencerindex.com/production/me/posts?limit=20&page=1&freeAccess=true&showProducts=true&fullScreen=false
